Fp1,Fp2,F3,F4,C3,C4,P3,P4,O1,O2,F7,F8,T3,T4,T5,T6,A1,A2,Fz,Cz,Pz,T2,T1,Oz
00:00.0,0.04722472231730872,0.0476846009056782,0.0250584311330673,0.029963000996245104,0.0,0.018143993800040847,0.00871447090969312,0.024258183453739476,0.036222425166272415,0.043738390080990695,0.051883725263744115,0.04287343656278588,0.0486647036657056,0.04073727818617237,0.034563767246588516,0.04310539171579896,0.006400941510694913,0.006216073631922614,0.02894910493924154,0.003689722684113866,0.010056157061764357,0.04743307032894885,0.054877818974565756,0.03926248121384357
00:03.200,0.1139540404465924,0.10504456099491272,0.05584459914332552,0.04728010137722224,0.010544167043089754,0.022387045424387953,0.03932975136777588,0.042912829420691634,0.08129727847855744,0.0829605360756247,0.08591437844012519,0.07684967863560305,0.0860996426288136,0.06658544790861541,0.08107492028507168,0.08382831074614525,0.009700410820167895,0.009601338645905937,0.0674057375913813,0.013497196428060744,0.027269059130493208,0.08474556223579183,0.09860269889991212,0.08229517674142145
00:06.400,0.12631614684940437,0.12381102666465273,0.0774902751859756,0.09465158888279288,0.008601064152163296,0.054706984546807856,0.019089220952329997,0.06050065516096977,0.06428462381955803,0.08466958029540132,0.07525275085546997,0.09647859338035401,0.06303180220441551,0.09162653299050363,0.06016884287844112,0.0936732173122264,0.008541914295543303,0.008446442631121272,0.10105703650611716,0.021525139077789957,0.03265977736503095,0.09862266181491477,0.08029136114144383,0.0766672327887535
00:09.600,0.22793048261915672,0.22970503055912975,0.19362584065045377,0.17210781584774154,0.02749882454462918,0.07812041423695171,0.04375747272700852,0.09557720382987049,0.10561389906921154,0.13564819599596895,0.1680705877335229,0.18469030900409597,0.13470794481615112,0.18109746576115754,0.104013521607361,0.163246977402758,0.011107557198870875,0.011138907711034927,0.18428627931649255,0.04108957114538297,0.0522877892056145,0.19671442077520426,0.1700754540411717,0.12151087813842362
00:12.800,0.11156487005953608,0.15966140946554028,0.05437698479152835,0.11256537375019947,0.0042105001906714914,0.05385118135805293,0.031364876047011166,0.045860824264024776,0.05795299606803038,0.06448386191623993,0.08336599071033411,0.13556792734113493,0.07728272171098025,0.0894645581595442,0.0769688595255537,0.07395869583119051,0.011685616174768293,0.011464032248933153,0.08847386166926047,0.02508121916066463,0.020060423547605823,0.1123802534623371,0.104059890371118,0.06279420804101557
00:16.0,0.19188368314530577,0.21424047071110047,0.1519875390083573,0.18124907973152707,0.02523540828019745,0.08289582722334313,0.09169798072836213,0.12095587757167288,0.19037513699536862,0.21083911062037908,0.18158857615858615,0.21736337464993521,0.23571737145578442,0.24847147192363808,0.21464230055366235,0.24941271076862406,0.009653959023208016,0.00928865412767793,0.18711796136413958,0.07098976203208282,0.07988992245277762,0.26770195673769326,0.2786884756499016,0.1965169374686268
00:19.200,0.1453427954371293,0.15703255853303452,0.12324806614894918,0.1541115468505151,0.023615619955806674,0.057288211928600855,0.062315265944187286,0.08938955092352723,0.14698946956982148,0.15122048181553235,0.12973641295222516,0.12138209003474809,0.1397690944849831,0.11333203206636965,0.10953972189121064,0.13370102785876364,0.006327286355578064,0.006205593235281989,0.17897430891196164,0.05090787325619482,0.07284684947662369,0.1499259849742735,0.1726953110881195,0.15778770324069477
00:22.400,0.12828883498009266,0.13648015805956332,0.06247009798335832,0.07898802132662912,0.009974771112550261,0.041736695299605345,0.026955922416983802,0.04077544624846779,0.07549088547406042,0.09449839585022649,0.11350313572613803,0.1120455486005809,0.10104855559110404,0.10633360470423844,0.073258164931485,0.08824729002877231,0.009901226477321078,0.009642021328825258,0.08208600348903523,0.02680466536305912,0.03197488314849595,0.13896785951344112,0.14770803392049156,0.08439429219502857
00:25.600,0.10444528094404103,0.10669803440077621,0.07539290393403968,0.09451949108571608,0.002687741978286892,0.06164106125305302,0.030731272508804534,0.06403769600425845,0.0637210112764653,0.09223851285079983,0.07409833697570802,0.08938634415060272,0.07779144126758085,0.08335652022460205,0.06810210674125067,0.09187111644491627,0.008715028868678053,0.008484187675975892,0.10326680100788994,0.031248659951445046,0.02901179269667979,0.08939572106490841,0.09527942899624307,0.07284470438447196
00:28.800,0.1729825058976912,0.2594969039054604,0.10515664110564332,0.2400067340620511,0.01846542182831663,0.0729254806429936,0.04988857292352326,0.0534881900414972,0.1108665732141985,0.11462174453363289,0.12055271603169576,0.18699522694344647,0.12494516571974909,0.09886709122614977,0.11934208447947568,0.12088785645565472,0.009397382751021689,0.00955523670756269,0.20027061600529028,0.06463387430824159,0.03419293120046767,0.1261063821440982,0.15233876561703905,0.1141284094279472
00:32.0,0.12963663428442096,0.15106437371517184,0.11869140972714513,0.16690546810320953,0.02091121032852921,0.06975413798724647,0.04411102629143737,0.06447029536027932,0.09339580180564339,0.08985698689767684,0.11448242764498645,0.1306229711456539,0.12468555008310953,0.09271873835643436,0.0982144554835642,0.09095338529957482,0.004336054978250723,0.004421913566072782,0.1667293279742007,0.0532961131798669,0.0457203667539468,0.11180845549934679,0.14178812894655918,0.0901981529030261
00:35.200,0.2584634232162792,0.29074209597036754,0.16692465807702486,0.21792048791438481,0.16421134931367248,0.18565457211079348,0.06380641987348797,0.135074664831584,0.14827941440292175,0.17451339003267938,0.3799216718996736,0.3547036489340226,0.4737905411182731,0.39142935456101713,0.18314844077335382,0.18890959346583655,0.007314455933474976,0.007379280993414819,0.14819231103887284,0.07548932600708072,0.09249318547074147,0.396101874537766,0.3820035172888877,0.16277785481208173
00:38.400,0.11039894244275283,0.11903700460207471,0.0740267822351899,0.1184721253564455,0.04375479952617333,0.11613375955200014,0.02667520583865079,0.0854431541205077,0.08492936989957708,0.1023467162607467,0.16028346927868126,0.19358758081495783,0.2146125420275128,0.24052628746344037,0.08856287273489065,0.11376003130416225,0.009970688764033397,0.009994095263334677,0.0730845676435883,0.03378319070066874,0.04316257753052721,0.2339063780161096,0.19078570235729875,0.09563609998693484
00:41.600,0.11634382954885392,0.1354551069108589,0.041420900096898666,0.053071054678561415,0.012470221387766841,0.037647002444209925,0.01049196268507911,0.05286334471423757,0.04752572693147874,0.0636814587510065,0.09065294590350671,0.09139281923532745,0.0849471122811003,0.0795171036014141,0.04914496465007382,0.07908529659913402,0.008241769175922342,0.008184232856486447,0.048058497554679815,0.01270694236227074,0.025694914077917925,0.09152976046411986,0.09435504760073331,0.05400039405498756
00:44.800,0.31747254338420217,0.317389037456727,0.08733553045926164,0.2878214420734322,0.2234590475157254,0.349895085589176,0.030901562225810236,0.361943324420332,0.11911229308906571,0.25617036774768465,0.26666537205462626,0.32086434755305454,0.31105793262858616,0.29809381991648015,0.2792374269626507,0.2774192419512763,0.007024164822891965,0.007214183978077786,0.2616196607752287,0.18075560850248956,0.29840441804625295,0.24493823545381566,0.2865537231045116,0.08238951165931892
00:48.0,0.31756607721350977,0.2886649745435734,0.08987325514723789,0.18989013863802817,0.0734767594225253,0.21354015265868423,0.030361342845426596,0.2911110737929451,0.09082149076318191,0.1648309896614768,0.23128532623226225,0.22920008494016528,0.20557607088252766,0.2220303442151409,0.2209466555363452,0.17086893470466236,0.006842599346544666,0.006770219869229857,0.2152837791530628,0.2243686504202088,0.17820697683463746,0.1472712698752225,0.1747434368835706,0.07938062229490177
00:51.200,0.2122995026157171,0.21485929399633566,0.04756852699931318,0.0576964335960847,0.01485879988054707,0.03446015262729289,0.011801945878210532,0.03474817401160092,0.026238442332692784,0.044515416087276036,0.2017903540413464,0.1711671993613458,0.10206876184452417,0.10219800399925671,0.12528433039687845,0.07053436437650515,0.008391945283820486,0.008282819062255553,0.05451112363963772,0.008640974089940193,0.006804742049828334,0.15514770756027538,0.15724953172129488,0.03172987150726366
00:54.400,0.37433612329969934,0.3036114927540215,0.08988027164567337,0.07789736951354545,0.032991672728716157,0.05383749049337902,0.024021103481723243,0.05603113532527923,0.1487354449015779,0.06787035266201072,0.19105925439106378,0.12785768487539678,0.11933399339250993,0.17762193305858318,0.1569357807531113,0.09276279061744212,0.007754554165635261,0.007796512286092705,0.10369651180074381,0.01927376932734043,0.030225548649126757,0.37379087520527077,0.14533188322563592,0.14772798000168155
00:57.600,0.25271386972228116,0.18231795763907152,0.07293406064097045,0.09697582555304002,0.024297949925291086,0.08038830356204534,0.027703688846751912,0.0643273058829058,0.5369661636194079,0.08834722644473168,0.19901489710961492,0.18147978702931852,0.10998129239575773,0.22699112053359743,0.15157068924560893,0.10649524216145732,0.005790442645191166,0.005747092546791519,0.08220471913667385,0.034485072642866516,0.060331354597678875,0.43226455389551144,0.2649274042165134,0.4949329926529084
01:00.800,0.2370945308529274,0.22021164863172635,0.08179177096761853,0.10836795925968129,0.03527296628932546,0.10567542528877252,0.0338072959744827,0.09434008301812051,0.08431410400822494,0.10964441158668504,0.16582201010318537,0.16698569052219203,0.12199707891140209,0.14040204596991515,0.12257947115036465,0.14565628304967876,0.007864978402592324,0.00852289127092896,0.0895973280369195,0.049858928041131075,0.051504360112181624,0.2926097009646867,0.158332369616432,0.09608376877846952
01:04.0,0.16743684257941194,0.17829945570261782,0.10000928022325843,0.14413466455324556,0.01873772992977814,0.07986112292781772,0.038196362969995824,0.08715119504724857,0.10362689242549261,0.11775022135666773,0.14369102241488396,0.16892634426362008,0.14355174702990153,0.1738376620493354,0.12487818123234697,0.14919945269260346,0.009194553940280585,0.008951218402821006,0.1300956112384674,0.046773409314737426,0.04209491534767242,0.2165426767569802,0.18218894142138767,0.11184407546646094
01:07.200,0.3713642349279428,0.35092354719017754,0.17440568169050089,0.2831047813954831,0.04918689023499186,0.13592713677727342,0.05762140695146339,0.13916521749868188,0.16940204059173633,0.14153290877589844,0.3082601688899151,0.26176601048265297,0.24210171150989734,0.18942171587271167,0.17403590425395987,0.22728174310892504,0.010226905110636593,0.010360015010703029,0.21145048568826935,0.07891590289638747,0.05834605540263374,0.2864976861398972,0.3327193504026213,0.1301658009624994
01:10.400,0.29360618854256276,0.44268657265967853,0.16721734890947085,0.2105013522415725,0.04139602033827876,0.13789402797955239,0.08128912363550232,0.13867626119712392,0.18175962316540137,0.15918623032761434,0.25954699466543535,0.2867738395674616,0.21151730459918097,0.20913944547573174,0.2173064665813363,0.2538364199359979,0.01077341923900089,0.01115809971863191,0.16070523324348485,0.06527336431041922,0.059855407906539086,0.2239978501643185,0.2767022315002874,0.13992926112651385
01:13.600,0.4836162766897568,0.755452509211757,0.23212706585724985,0.33229682779106146,0.04288810854634944,0.1741860236400689,0.09471673216082492,0.12937939155340705,0.1641446024882132,0.3481286546891023,0.3681581429078455,0.6264107166087205,0.20407759981122292,0.3269722707579924,0.2204416385263314,0.24621539143276785,0.011408641388947085,0.011453993790128658,0.22446131640900227,0.09905266929863926,0.07398697214194261,0.3344748319171,0.23646148919573878,0.1796539417230803
01:16.800,0.5727442293982133,0.8360990343964817,0.28071513034199147,0.5089749346639998,0.09284430021627142,0.42550090423167025,0.13755703214647558,0.20869997730414933,0.22745872894258418,0.2246203831196677,0.4939480748262955,0.6866395977328036,0.4078124754843014,0.6575448288179279,0.35052407158890064,0.2981041547819843,0.007888979711673383,0.007999527937141931,0.2933577636964695,0.16212252628369517,0.09761629783299948,0.6468941496506537,0.44421617270390784,0.20868418066037972
01:20.0,0.6122688944538746,0.6963692675053886,0.3487832643655025,0.5215315284911791,0.10051321539688461,0.38404189033185027,0.18582295874903948,0.246070396077781,0.31457059718218344,0.3148582471580372,0.5514460515541415,0.6627856635778538,0.49448802920702445,0.6598561173785651,0.4378909705372943,0.43142113085749806,0.006715084422479354,0.006723859954449497,0.3351815919310947,0.16803788249463672,0.13134687384333033,0.6062393682872396,0.545837121734365,0.3039381161773105
01:23.200,0.7496614364118263,0.9430910667163271,0.462946397446865,0.5654105910428648,0.11542695857560115,0.31622002194282395,0.16548740257865605,0.300524664053,0.3750489307320649,0.8112868941491486,0.6851709104827851,0.6386240570695751,0.5466136294386145,0.7778326740886279,0.4580363242608403,0.5848699259360094,0.007071577415253759,0.006942830204177341,0.4052516188467044,0.13535721644631862,0.1368224033630821,0.5456120934269009,0.6138525194672474,0.7294866434767779
01:26.400,0.76784691279313,0.9359644055232874,0.46862313052225724,0.613981196856109,0.13516660030544334,0.34021321799981724,0.18050102735407333,0.31430974267123,0.37176089741835766,0.5882770174233032,0.7034839933393603,0.658483022828094,0.5553020461747755,0.7593155648443802,0.4629066905448255,0.7289485286186002,0.006071774709866273,0.00563874245126592,0.4244922007383617,0.18694089113299564,0.18561691818464054,0.5510578793800661,0.5961008909037111,0.7394610819654577
01:29.600,0.8021319376104942,0.8332366608076888,0.5227536411415379,0.6440038518063202,0.22890828214885692,0.4512985928454927,0.23329014831100353,0.4581023057320818,0.47145887879408743,0.5973850336159007,0.7263323089619137,0.7204547089938919,0.6581549620772594,0.7867692654095335,0.5332201056212318,0.7748397193018267,0.0072060741919617215,0.007230197161168024,0.4645668743869345,0.22138915708294019,0.25989475419814817,0.7269241579053978,0.675843661491446,0.521387169682349
01:32.800,0.8550389750232784,0.8611630878961724,0.6155878103835773,0.7170853510060233,0.3796771039076824,0.5510827573783627,0.29121004251476335,0.5552639890231772,0.5402322691859077,0.9147771804888791,0.8214516347502506,0.7989655667347885,0.7855031215207933,0.8555504320823019,0.6501510370228191,0.8128162776320105,0.010369123440286216,0.00998536905887069,0.5583855062537502,0.32027552899376227,0.3604415809731723,0.9170913003179695,0.7720149259864969,0.6145016997292699
01:36.0,0.8475184379025321,0.8574869598479486,0.6604644176811546,0.7409293526633204,0.548315650580258,0.6043925972705022,0.37566755518102635,0.679012571999,0.5904558344029148,0.8807791326634138,0.8421805926607957,0.8153625104639654,0.82711143806384,0.8712574944875672,0.7068424595771763,0.8168987203569842,0.01222991751393222,0.011093446331570797,0.6042158162160571,0.4321665612489772,0.5446278897537159,0.9702353656728082,0.8463107387697634,0.7314536852026201
01:39.200,0.8366200335363422,0.8909666164235189,0.7314107596865361,0.7938094414833732,0.6262081888941086,0.7412171293056554,0.5429813600544862,0.7854378873130226,0.7502301516246764,0.9048011008954385,0.8572077306071361,0.8582755734594806,0.856592050369798,0.9312173268676264,0.7701487048575372,0.8594900190309972,0.011512473940362105,0.010550849528373547,0.6564871076442613,0.6310721522271389,0.6999946209708271,0.9268238769705831,0.8872157634487359,0.8336303718976659
01:42.400,0.8228663897767879,0.8543052414464674,0.632203694382971,0.7050699869967344,0.49241459899939355,0.6013387309133077,0.4141730489137963,0.621061804674613,0.7185071830590756,0.9139061117296323,0.8097318545191862,0.8103168038621072,0.8353496534921444,0.9187578728380951,0.7393444000382746,0.7970111788350376,0.0145644398343362,0.013531884541549627,0.5666518571056093,0.48783161850616685,0.5102053154204904,0.8754140447743982,0.815497706198759,0.910550044616062
01:45.600,0.8408803000392701,0.8803931481803055,0.7953777340656834,0.8277736422579122,0.6655485569130761,0.7531586124459595,0.3483782193156675,0.6558797695198817,0.6819902593242415,0.8544952929423658,0.885779093895889,0.8287355196185465,0.8912349492745906,0.894299266921677,0.782677379855745,0.8679116509665278,0.090272289896663,0.058842171310581184,0.6606373551920958,0.46431587723497236,0.5427564872844498,0.8958068046850821,0.8465753185818574,0.7461950874072462
01:48.800,0.8299981569763536,0.8487453716560488,0.6234191342066271,0.7526451785208491,0.42302534802309905,0.654511514120533,0.30007443001631756,0.618280872052788,0.544612178941511,0.7163376917750266,0.7982699416135477,0.8242027058891033,0.8441841116840655,0.9028405060064385,0.7196826934631632,0.8264379497098913,0.0715796485933398,0.04776979401989615,0.6037146302788845,0.3492252330549957,0.38295425990079884,0.886863017767117,0.8143104283737473,0.6245503815096755
01:52.0,0.8262731947072973,0.8283302638898109,0.5416564960602678,0.7068293701282254,0.4120580307300678,0.6304429366529488,0.3700338748085967,0.5870611886265675,0.6019124325048543,0.6722805391881873,0.8159594899108055,0.817656669093358,0.8518631723745655,0.8385745163140121,0.7833477618757665,0.8128003642206713,0.04677404378935159,0.019745857186061082,0.5493333196456983,0.3522841600602357,0.3375491108539356,0.8360172394801714,0.8315424309231629,0.6268954373259036
01:55.200,0.8396576254230698,0.8588206032186808,0.5806071638427538,0.7355746158037939,0.39099285222833813,0.6653293456211729,0.37923598965277566,0.6072174464500517,0.6038251242418003,0.6966093826092932,0.8220425668088377,0.8231071400188459,0.8660071821224758,0.8921874078891155,0.8058227208101217,0.8174826506563045,0.023116318122991277,0.010377763150855208,0.5818142393402012,0.34596295914703606,0.35511392040145334,0.8713370296266192,0.8422964318348007,0.6451654680362927
01:58.400,0.8458852926895398,0.8625153276245846,0.5974477862813228,0.7871180985922026,0.4198315437841587,0.6470455960881486,0.46681603159770285,0.6266337228686558,0.65562540125054,0.7118919147557933,0.8368750577692474,0.8296258538016061,0.873026585735856,0.8809261242779766,0.8097397109985311,0.8168813143563398,0.026828152631950673,0.01079586757478781,0.659618654385665,0.42740966404838227,0.4184215502626521,0.8374623355683473,0.8515501251280765,0.6787174004116393
02:01.600,0.8519415245797212,0.849381507795988,0.627610715657306,0.7435711312439426,0.4206690874297937,0.6422561926727468,0.5055148213743256,0.6395574580594918,0.6657280652478152,0.7235525801355174,0.8404815084964158,0.821121449127835,0.8495970581851143,0.8544422351215197,0.8086355491160451,0.7982763740533,0.034633704631937344,0.018112944500228587,0.6770817601834019,0.43108269679519007,0.4244647334630983,0.8304756771096907,0.8481019482212562,0.6920815350829744
02:04.800,0.8875369215839141,0.8904072857413554,0.6898801066091664,0.7906813343884622,0.48897538982918876,0.7301278100043975,0.5112818546324662,0.7124466852984676,0.6763039333095372,0.7484549476660012,0.8792395346963211,0.8738058963011939,0.8957629729914702,0.9124118548102026,0.8229165509052775,0.8691496215546582,0.02713551094940996,0.016598712939947788,0.739932760927689,0.4914273420100586,0.4901702224835305,0.919131520977916,0.8952818124836326,0.702370874202035
02:08.0,0.8788686516871944,0.8956189192338084,0.7315853310826755,0.794278648449435,0.5016093156720656,0.7403180955511819,0.5735119675443272,0.7128473499842803,0.7036181359767837,0.73620859329228,0.8696238699518287,0.8567631215682501,0.8972796867945073,0.8932484023449473,0.8258049475673762,0.8358495437176178,0.0221887485880525,0.016008047668498282,0.7365316883727644,0.5141702672151485,0.5243331760446102,0.8902395628237952,0.8815125508024293,0.7050761277201776
02:11.200,0.8663422791582976,0.869609183682902,0.712613391201482,0.7901879980035585,0.5185500556899652,0.7377082811388173,0.4648145424095968,0.7330997840668675,0.6414195789025412,0.7255625091790161,0.871290167562582,0.8528458847306561,0.8902940147981933,0.8946481360575316,0.803474812647737,0.8466284827084815,0.025918407952758012,0.016693538568855807,0.7219854472287014,0.4883824567403435,0.5007967534856234,0.8742468936919516,0.8589042687565671,0.6725441026717723
02:14.400,0.8417545734753684,0.8403564711480581,0.6900645065929321,0.7792972188417444,0.4733644125304053,0.7304430421142384,0.4989721475742763,0.7301021170311711,0.6724214958814423,0.7424419960814895,0.8315026270850489,0.8489923184104701,0.872442766643736,0.9015734779024265,0.7868221385234289,0.8366320995329332,0.043626065449408315,0.01566827350312971,0.7093137323231573,0.49871419809260786,0.48186466069125167,0.8923498871075441,0.8493615712958521,0.6983353130786811
02:17.600,0.8343037648883173,0.8249843715811912,0.6598948110630871,0.7611428951094302,0.4512629158580333,0.7136527750147604,0.47657251947696944,0.7190807190100194,0.6736095189842193,0.7421273168625938,0.8306587642618398,0.8317906572992186,0.871812577230608,0.8865430101166145,0.7695013604777069,0.8112972164198834,0.046396014785703134,0.011581316911693493,0.6432301737072618,0.4493473562779268,0.4763633064689392,0.9162036394839552,0.8361015923448296,0.6858140009271099
02:20.800,0.8471630846572494,0.9314746151551634,0.6542026128294542,0.7547898733952857,0.48346761237302943,0.7042998380834119,0.5093941599688884,0.6421335212925076,0.6459090120085761,0.7559522836663014,0.8284556007661817,0.8511740165848953,0.8625179631835165,0.8583426205250821,0.7826689192269803,0.8255074605413723,0.01824176703206084,0.017444183144116478,0.6597767641499358,0.4885592530961059,0.41327502745741823,0.8415178749347025,0.8462257486920468,0.6714832443132859
02:24.0,0.8239156546416928,0.8981284169705057,0.6654330094036734,0.9450646191046435,0.4385342615140309,0.7331432913957608,0.4071350496204506,0.6252627513807065,0.6105657540153907,0.6874843696865734,0.8085156371393447,0.8764187365067285,0.8240530569494939,0.98300247471561,0.7293323597482988,0.7922627558146778,0.01021652301384587,0.011360732333822052,0.6469269706053369,0.3952458899138869,0.4282503527043039,0.9665647823477177,0.8199252178906428,0.6555350727630546
02:27.200,0.7425639640108422,0.937720878828663,0.5845280563242202,0.8831630132587298,0.4163303361782282,0.8230890862869212,0.418433864862353,0.8309424800665334,0.5909643453825069,0.7108540839182718,0.712520788306371,0.9150465084994498,0.7094902961633253,0.9576146521957304,0.651460181069017,0.7852645302182812,0.02491864530444239,0.014142997883062365,0.5743464231192191,0.4531511785891543,0.47640979921602417,0.8618973288527391,0.7300263697125967,0.6527509201336997
02:30.400,0.7083663283596827,0.9194369763093144,0.636128890489779,0.7661940085081652,0.28743623591006984,0.5644676840912425,0.3361871246065734,0.5695150570512238,0.5389004953359557,0.6657259448134792,0.7324202551338664,0.7114427612657297,0.72470199159046,0.8974281421163839,0.6446252316374355,0.7181605947364927,0.025007994447662083,0.010944410782540943,0.5660471300690765,0.35420447648049724,0.37651341227349994,0.7577411661618534,0.7286691106759258,0.6093844169638215
02:33.600,0.7036917478910921,0.7073620324841228,0.7062799905598108,0.8306612477507586,0.27974158403068206,0.4053316451168271,0.4074205307876966,0.5375992478509432,0.6487373893550781,0.7353581294845492,0.7614462796876545,0.9300143290399588,0.7626656569892685,0.9442391379646302,0.7173439684829775,0.7771499535880093,0.01877705321356579,0.010126227322611887,0.6384492700641542,0.3107828923123114,0.37597984688355746,0.7306045698279166,0.7930323665402877,0.6912830887592173
02:36.800,0.715162128255757,0.7233203196841671,0.6488697207430348,0.6114087020938556,0.22424094514394535,0.4510782604811808,0.3449037681003121,0.5728657253920331,0.6097035381310806,0.7196396916857302,0.7262680676948757,0.7120233845678005,0.7255988765664046,0.946160133281497,0.6621592954693578,0.7665117752470343,0.010311778371999137,0.010112781150333509,0.636871194236664,0.2630464101954945,0.3774080735272937,0.6962739311060029,0.7998032579583598,0.6665321768936685
02:40.0,0.8844808958238206,0.9150422911108408,0.786225090444989,0.8144508459974509,0.17626920177088412,0.4042957005789702,0.38470655674946674,0.545105367238772,0.6544699476542091,0.7325082949390925,0.8082161740641233,0.7798761844278286,0.7057678332156974,0.9231339671134837,0.6323386226213806,0.7628894276649048,0.010365127327012016,0.010810972784035307,0.8382214570861293,0.35791318421508256,0.4104986293894771,0.8166284221776964,0.8390288718381474,0.6928956047842606
02:43.200,0.8436121371277292,0.7902358999853768,0.7173001327888154,0.8273466691471438,0.17440730770103915,0.5299229178761369,0.2508886518158732,0.44706476433494724,0.45946070581526866,0.5539027934927427,0.799778951985384,0.8059785590105991,0.595716932194458,0.6964418300890443,0.4633481429026742,0.6215342473894397,0.006336008629310385,0.006354030379644,0.7751585095996862,0.2551836739032027,0.30306138825639956,0.6388465733207681,0.74352606456634,0.48793515853731456
02:46.400,0.8152651508448758,0.8358379633695112,0.7655995965297449,0.8149547118896309,0.17744482896282324,0.863373641702246,0.25732202778055846,0.7438157465614761,0.4606441890071954,0.536364903156311,0.7330847540920005,0.7100840141721927,0.5367359241960316,0.6582493135218566,0.34851292245307147,0.6046761115261214,0.008751105168978939,0.00887194122792336,0.8266473499354217,0.2884014913691356,0.30602838681248784,0.651352846694617,0.6597556117002393,0.49784040862693685
02:49.600,0.6807105476035468,0.7003235597831255,0.637306815455459,0.7440160347419555,0.15360455284340457,0.456383822935066,0.17764243715500497,0.5311212478125246,0.3483222405570078,0.49643999792270416,0.6273177535942119,0.5828143227650892,0.5296939361047627,0.7274222400379448,0.39884559995973545,0.5645100489981901,0.008091743642401953,0.008180279097500992,0.7497134278845198,0.23552622918648022,0.25126476912418516,0.5997231035926236,0.6190238096065478,0.40916469712928405
02:52.800,0.7360189261401202,0.8014551223280466,0.6539974003307765,0.7489174569890165,0.13192058697393005,0.40372316992006213,0.2776515867852069,0.37508705869018094,0.43581652023299267,0.5097094793314448,0.6472289539368986,0.7301566619792129,0.48465145867373016,0.6138194259393136,0.39245168983310547,0.5487586003046879,0.010995533093636115,0.011010464849365218,0.7410585279553941,0.30571113571045067,0.27839706743402687,0.700792051299398,0.6321375924448732,0.46690817253112
02:56.0,0.5926811348768847,0.7169830001424842,0.48514856006996443,0.6924715907373459,0.12911587364394647,0.5416183454298316,0.19043898894324762,0.6931357946848065,0.37302314082603266,0.507018982833644,0.5215114184518864,0.7012144085936812,0.537353702625346,0.9300028656709495,0.4819177761369578,0.7170568821749415,0.009205743624181598,0.00886112448474198,0.6185627108441639,0.1741009115743341,0.2251112586876268,0.9224741370886389,0.5556758133558067,0.4074934772919775
02:59.200,0.7253438027166735,0.7420035479754145,0.5586194518393219,0.9563887826536158,0.13719792447111484,0.5588006770125948,0.19259164120891292,0.7875525786547798,0.3668971808539795,0.8527635080660566,0.4657689724322137,0.9715424056609104,0.4512616493738403,0.9273991571535266,0.4173867700993158,0.574724325425699,0.014789224193028647,0.015284567274525509,0.650507352732042,0.23234302506514606,0.26581522156725346,0.6540256469455005,0.4383688929795547,0.5832592514075247
03:02.400,0.6445015853432148,0.6792789390517808,0.47471203581851307,0.6273025036127832,0.09841537384091428,0.36351066259070386,0.12743363252968928,0.2799477295349084,0.3002481626433529,0.49315129212868664,0.49617548520429444,0.8596170171294419,0.506888989964768,0.6700947837597656,0.386734667411155,0.4622323500417409,0.012964631781527361,0.013194583783301253,0.5653652290088096,0.1543031812241477,0.16277198518202918,0.6697327277338303,0.5465122671735687,0.34197899409645977
03:05.600,0.6107680294060467,0.716628349650151,0.39991772261663305,0.6342187638461882,0.15414262253756822,0.46776194812055355,0.12170850699560924,0.4085635935951677,0.25117540052325527,0.4327891876221548,0.5762525434333736,0.7666064386992122,0.5672738068106332,0.724259566443059,0.3461306188090344,0.5519481660286786,0.01306203927030005,0.013091563106142836,0.518295306135347,0.18864654590609184,0.19421739934228655,0.7201033236569285,0.5160594890247644,0.3204807187008063
03:08.800,0.7022712279342823,0.7614148325544775,0.48626139202072916,0.6427759464231253,0.16598359834561854,0.40111826289092345,0.14284562991133026,0.2835007646817674,0.21471377040546327,0.254224013894174,0.6683866477063739,0.808731091216542,0.6373045869364546,0.7044504755088546,0.37643638207223085,0.38863107225982196,0.010873884097918247,0.01098208188292271,0.5617533282083349,0.17469890694918894,0.13811683057259985,0.740826193880673,0.571785505527969,0.2243093422359879
03:12.0,0.8064595314398617,0.8304898049431798,0.23987432831715189,0.40295194202590584,0.18250576185126818,0.35020860617700894,0.08720705994579873,0.18355336431555724,0.152252678268549,0.6745475944136327,0.5756965440622539,0.6553934803365822,0.6254726279152246,0.5908198204129954,0.3355842229458204,0.20751791720002358,0.007239444163776261,0.007456064955656457,0.16679539570482546,0.1031869762892352,0.11917997811036256,0.5752371256250237,0.5088555365435864,0.16200052247739213
03:15.200,0.8471748662694693,0.8191233699179122,0.33286080885305175,0.4256328211365647,0.2047110765025261,0.3466768528973855,0.1049935353638669,0.1962285088804565,0.1940693475096073,0.8792609791986263,0.6571776257751449,0.7046515718567631,0.7075503684049163,0.6100109128177597,0.3508535409734943,0.2756724452582874,0.010052861823358294,0.010022174229475983,0.20354631904881035,0.10737176087453598,0.14477738746894142,0.7091554771001067,0.5807491069197882,0.19392980224419323
03:18.400,0.5790822067342186,0.685050640165572,0.16053702700925898,0.23225182354123275,0.08390188557448161,0.1531204982374917,0.047290662115894624,0.0927423962399657,0.10008083329133903,0.9487894465933989,0.38964014728034746,0.3959654474999608,0.40982187843949175,0.33013098845018624,0.15929983301537118,0.16425266327578508,0.0072237562470295474,0.007272565903931472,0.10813727319359963,0.05235538101215257,0.08362284356851227,0.40407824693275485,0.3793443810622128,0.7260539576914911
03:21.600,0.17106800604841965,0.2011906608682267,0.11968101362126875,0.14874661507288875,0.12710269253446493,0.12129072110534417,0.09040149644602034,0.10878509323161689,0.15289121421386256,0.5264249442110255,0.16601919727877648,0.17860901126679993,0.19713645229953275,0.19587299048752416,0.14292672920838004,0.1706152602694916,0.014119134848021804,0.01169234342458132,0.13349341025414582,0.162848292786121,0.12871098628098754,0.19422024529374646,0.23930797585394442,0.7398839883905665
03:24.800,0.5488976920845569,0.4696958994385598,0.12146671420997314,0.16045994445001713,0.07495673400421966,0.13618704145012508,0.05510990033027245,0.06313668976495458,0.2571830817905185,0.5758520375123566,0.2864866879078509,0.26480027093159125,0.2905666126180313,0.22426858042846434,0.1521542536777478,0.12125699266209895,0.009414527096746892,0.009640251139347128,0.09970549704826129,0.03543647181852198,0.0770240684248247,0.25188490165004596,0.2689843687302492,0.8639686622012197
03:28.0,0.614383109177371,0.48041893742387665,0.2534995083985681,0.2658088227808357,0.2372086171138687,0.2739368123126115,0.16957551287777325,0.23197377716903908,0.1803769292494604,0.33174269127195394,0.3517758977063571,0.40204580625603975,0.3796409383344234,0.5468549354889709,0.2368275326867778,0.6150701215901374,0.014331169386477547,0.021471353899281634,0.20291241347469463,0.2262194783490706,0.1880905084961805,0.34251107330063324,0.38554999484705127,0.22763409482087674
03:31.200,0.4913315630246527,0.39176870999338753,0.18963458378387946,0.2471499957628658,0.21638335281133755,0.23974370255164273,0.13624391158866714,0.15625720982969438,0.18251785525173136,0.21197856331634574,0.4000558837556674,0.3933339718103146,0.34540420889734874,0.45344560807038753,0.1850971712631209,0.4495312608270014,0.010871088653656807,0.022890367983935424,0.1269025520032511,0.19971352048555308,0.1216801177413226,0.3440131142014104,0.2941030846384427,0.12796484097786767
03:34.400,0.7411061172610496,0.6609258333553679,0.19962439328686168,0.2529411610583312,0.11254843766145309,0.2384700059435935,0.06300011530934407,0.13134480070782173,0.1158676615231871,0.12497946830913405,0.4458955869443928,0.4180825847335943,0.39290884803478476,0.7614738410682396,0.16599641386382497,0.22735561934690596,0.0093318124774011,0.010350741643343245,0.12070575127212788,0.10185413680695263,0.08520232000603431,0.5059153892764692,0.34285668247518364,0.0997663999875984
03:37.600,0.28874215456518815,0.2905198170420865,0.13292443292386105,0.28230403936806153,0.1419752738695113,0.19328630029238428,0.06481580441734673,0.16517546749590833,0.13980231745176677,0.6663093077797457,0.27278346305764745,0.2647665655453528,0.27526451341153557,0.6373869653143092,0.14864670699341015,0.38584824333381423,0.006295630476074241,0.0066064196515454,0.15133501166568997,0.15275350256383727,0.08615440567571767,0.3907450260117401,0.2933563829485427,0.3038196795561349
03:40.800,0.1819378720176057,0.1835130226058154,0.12184145158797362,0.08975925582044576,0.03272839769400986,0.09220405031630352,0.03342173233891673,0.08698524241005828,0.4378633053101548,0.47931269536173976,0.11863910984306429,0.18109915757176948,0.15240251133611527,0.1958196857973487,0.1018503789354434,0.16057360828074135,0.007904366665822558,0.007925665363289,0.07921635091842813,0.024652355897742593,0.039146684119158955,0.20986029101623943,0.15686877259472648,0.6708703748450818
03:44.0,0.14474901871371837,0.16652856607881875,0.05571448533832331,0.09444127918709319,0.04122616138274558,0.09942600237152156,0.031336218548831306,0.059947119102519195,0.4514074309425792,0.31496397212972,0.1558371509012132,0.1655112557004456,0.18708292727842776,0.19858975094538217,0.11822929106378476,0.14635096621769783,0.006882630216609776,0.007080985289443168,0.043196364939928095,0.02954797396208727,0.047261163027643466,0.213593786323874,0.17959576228771656,0.556523680279097
03:47.200,0.3341883643010177,0.2869518471861165,0.09873482476338873,0.16203335063233643,0.04275493405371706,0.18046714360480312,0.047815580135906824,0.19513959401912379,0.32813143945873113,0.6187024816284155,0.2259279279477755,0.22807533602603322,0.17781769455059274,0.41261605403449103,0.13371000302189523,0.37029336619859876,0.007852486336000067,0.00740079198742504,0.08879865197846701,0.05544607164191941,0.07752720822428512,0.2627974988249844,0.2066833341744879,0.7401553640689004
03:50.400,0.3812337153909971,0.40065274455027083,0.21401258277638277,0.35243913751364175,0.14347215353579354,0.3593637314354949,0.09386577983786033,0.23477194842110605,0.1742307243015054,0.41864117869262724,0.44013488734602735,0.45575645283382377,0.35508746961668236,0.8738505399711559,0.2221897669503935,0.3336665956638139,0.01912234702327172,0.010139133185072046,0.17715173498928222,0.15589958955633818,0.4046827833775404,1.0,0.35944194193778256,0.213346716543864
03:53.600,0.22164247120290162,0.2200032260787488,0.11934020255749048,0.17234681999784088,0.10587121027480269,0.1860490854283186,0.04154349885145495,0.10854739574910048,0.12230174563793828,0.18110558485086295,0.26099635835199486,0.29174296672997574,0.3304843773308206,0.9370779382518545,0.14305389632099133,0.16153078287457917,0.005996736040975084,0.005600995715813015,0.09690912932210725,0.05494176836445264,0.05243165847321617,0.38204306215696404,0.29648602211036995,0.12296296799709949
03:56.800,0.41741917234570475,0.3735211635430336,0.10640809480999833,0.09393507282137697,7.348391677097649e-05,0.07086241324464716,0.017407200446859408,0.05176466017998503,0.1017744085619995,0.11432971928116621,0.17270966849544495,0.1056664735459262,0.0644688447342011,0.7585803718647811,0.06292284614505188,0.12301808628410034,0.006619170414929702,0.00690177043929778,0.12492205264130281,0.022502233037332165,0.027899002563208573,0.3587352815318477,0.10841479310104876,0.08017742951413681
04:00.0,0.2521570819311709,0.23809656905710047,0.10129988200012321,0.086634901944972,0.010087326082793939,0.06717835231301043,0.04420210806931813,0.09281648878395685,0.10985369294641585,0.14002386081457963,0.1336078880530063,0.12474778813431181,0.09363264189314807,0.6881281836131945,0.09090831111984744,0.12468472781059016,0.009456547984268359,0.009300811771749608,0.10189317096933835,0.04699309421383524,0.05587342032267659,0.2824378576967008,0.1960963332825714,0.10617207622552441
04:03.200,0.17636090141816593,0.20580923399565085,0.08511893486842272,0.12421895002161135,0.032509342484419175,0.11098653271566493,0.016068605116018476,0.07912748470880765,0.05163265830594921,0.12875564356050248,0.20932741223240772,0.2050066470539313,0.19950625788255194,0.5455873297459733,0.07808603187372307,0.12079031640623293,0.008219654578082308,0.008199410209230847,0.06184246979271896,0.025002521360780693,0.02896248812893495,0.30104134926158527,0.23958608673429987,0.05704702490305411
04:06.400,0.4993582673634743,0.44840906339208175,0.13239621772802326,0.08186911589815805,0.008402094018425654,0.04032690790284515,0.054079622783831105,0.10282295975722887,0.1086602371821589,0.16555275111656592,0.23061889240552066,0.13368979372382933,0.10282540156197212,0.8936712020122717,0.0964108401937045,0.13549879354928152,0.011281952611533069,0.011245551137519533,0.13692371695612993,0.05008015338011101,0.06636637464035602,0.33933086141479224,0.16744276251752366,0.12025731626326418
04:09.600,0.2813193897850136,0.25997558419108846,0.13213633962935828,0.14203967591540867,0.0830604005740431,0.1277217973496482,0.05801704221957957,0.11809327592932012,0.1164051374100149,0.22139858433209975,0.2625228157330574,0.2218660622817872,0.3044625351276991,0.897543782986743,0.16048068218075306,0.20240548809877323,0.006893700123306482,0.007382736687377498,0.10158489868536301,0.03771116723024742,0.052214841645216406,0.3517152759353298,0.29113576756759774,0.13170954919607267
04:12.800,0.45235493482535655,0.4796460814197198,0.16643507627554083,0.1420627751933934,0.025345620971352227,0.09985223388748045,0.0597568232291681,0.10844583654982515,0.10916221838976066,0.1733289895913695,0.23295896230659746,0.254952178438848,0.16526406012699033,0.7087703070878969,0.11732737583266974,0.1685332325135435,0.0093503792870242,0.009622281982452529,0.15340229165181118,0.025059977694288818,0.04805187195881275,0.3669085408712701,0.16380146653391053,0.12738202932888928
04:16.0,0.3324105408332702,0.28305288333701867,0.11421847540514307,0.13294867320403542,0.039140194269699044,0.10487432771871372,0.04065911137588774,0.06447197027445685,0.08974333365578335,0.1048041589710821,0.22529701231887572,0.23391380169541612,0.18981649272425571,0.6932887680309529,0.1116172887379928,0.13273124865725638,0.006466735323257006,0.006464113039506483,0.10483750249391084,0.034265423716833325,0.028755006832705425,0.3078778195413256,0.2046680602935441,0.09945882134283912
04:19.200,0.06833057227385,0.16481159982736396,0.035301711140018684,0.07613935696160788,0.027302699087465396,0.08803315355886425,0.047667905368531736,0.2137364599828882,0.10277276448062876,0.6171206848552966,0.15142529887707173,0.23709721174144144,0.17296108516761527,0.6516939523702964,0.13176434774062531,0.1433577366399278,0.016235725824653182,0.015228202275687223,0.02797318396677028,0.0281972887045623,0.1126609636155292,0.17202573788992634,0.2029417784071685,0.33463980974289703
